{"+y+O5MR1OyrP/jW73FrB7Q==":"mbr-1272x847.jpg","y3F7AnpB+LpYEH8xDGTU3g==":"mbr-1272x621.jpg","n3IMLlSo9HERkxnk+OjuZg==":"mbr-1272x898.png","at43iY8mEAPjcpqxS7iSTg==":"mbr-1-1272x898.png","d8v000jsUIpuFFuZSjMvGQ==":"mbr-848x615.jpg","WfZ0/i4Z2eeim50kdgIT/Q==":"mbr-848x599.jpg","LohHGes4kQw5yVD+RFcmwg==":"mbr-848x477.jpg","gbUzdb/m0qoC7Hk9Ki3nFg==":"linda-3-4-120x160.png","QgRCpwYTYygf1yJo+eYB/g==":"linda-3-5-120x160.png","1nCoxGb2yroArm/VDbgs8w==":"tanya-3-4-120x160.png","0c1GppkHDWk63Vrz3sfziA==":"dave-3-4-120x160.png","9Ug6bnH5A/6o9I9BZc5HbQ==":"dave-3-5-120x160.png","VIpcHJbl4Mnyv+7JF9FqRg==":"matildaryan-160x104.jpeg","nqoLG54IEnZWVPGjN4arrg==":"face6.jpg","GOQm1i07CO5q10N/InOF1g==":"howie-160x160.jpeg","3pfh9tIthkjnRtPAHknOOg==":"howie-1-160x160.jpeg","XHkUsXgWMt4qlX7M9iwCjg==":"craign-160x117.jpeg","fV3p509ZZg0VdfzgzozZuA==":"samchris-160x240.jpeg","vWeZCuDUOQbBzay98iY7rQ==":"angelalee-160x160.jpeg","EpuPQc1ngtAekmVmV8dGzg==":"background4.jpg","rrGTGeZ15vDliVOj/tt/LQ==":"background3.jpg","z0OHXqtXvnlwlYEEh1grTA==":"getoutcomes-logo-90x90.png","nH+qZxVczBV8GwkJ3hsung==":"mbr-848x565.jpg","0C/AxNRvv0O9gKXYevjzkQ==":"mbr-1920x1211.png","TRzXJ7Q+NUHFThPK/pz50g==":"background4-1.jpg","1eSHaIDG7NI9RQSMkvvMxw==":"background3-1.jpg","xJ/N7S2jVKAyWTstnIbeMA==":"background8.jpg","D84HU5Is/hDuHtCWy1aMJg==":"mbr-1920x1280.jpg","UFZ8WtYbb9R3s2aiqa64sA==":"mbr-1920x1280.jpeg","ly9fRCsy854yyflR19JWdw==":"mbr-1920x1079.png","AngUSd8Som0ogD0oqznfTA==":"face6-1.jpg","iVCqUWk6Puv6z5vYkC61fQ==":"dave-3-6-120x160.png","PvaH8CNEqLc2XVKiPkV2Vg==":"linda-3-6-120x160.png","3M0FK38/eBXxOgOTe3xF2w==":"tanya-3-5-120x160.png","DLe1usAYt1mea7M+8KHAKw==":"background1.jpg","tah/qgwfgMhIcHKbk0RH+w==":"background3-2.jpg","o+ddFpJngU42aaD/HtDi2g==":"background1-1.jpg","8UHbvSDUgSB3092ZqN9uPw==":"tanya-3-4-721x960.png","kz33I/UEDOBUqIbObAWs1g==":"linda-3-4-721x960.png","id031G6qzDjYaeGA3p0Hnw==":"dave-3-4-721x960.png","ViHB4fVq3IK0s070yVo6aA==":"getoutcomes_2400x2400-1076x1076.png","V4/AUZt5fiGB2sZ6iIeIOQ==":"mbr-1-1920x1280.jpg","XfzKBokLmBlTI3qX+8QCCA==":"getoutcomes_2400x2400-1952x1952.png","J6ZBX5awNPikia63QqU1yg==":"getoutcomes_padding-1600x1600.png","7OyYYIwJP54SMCIilgqeLw==":"engaging360-logo-trans-nounder-1368x1368.png","FQTjuyq8s3JJF0NTflWppQ==":"engaging360-logo-padding-1368x1368.png","yFRadHJmj6BNBZA0aQBacA==":"mbr-1920x1468.jpg","7E8TMS2aPqrYhcvjG1nErA==":"mbr-1920x1468.jpeg","tfJR/kJyNSv5lN5aCZKC0g==":"engaging360-logo-padding-1-1368x1368.png","gdQ4BmTgfVVS/Pz6e3kMMQ==":"engaging360-header-image-1960x1468.png","d3uzLWU+dLCEGXU06j/cmw==":"engaging360-header-image-1-1960x1468.png","M+XyUd4wABt2fH/om+AZng==":"kineticsolutions-logo-sq-comp-tans-box-1-500x500.png","t+dhvgaoT7meaNHzqHPp7g==":"engaging360-logo-padding-1068x1068.png","eQJ27XEbPwauq+SiIbuqdQ==":"engaging360-logo-padding-1-1068x1068.png","P/ZE4OxYlciBR08+Rx5IjQ==":"engaging360-header-image-2-1960x1468.png","Nx0ErJSuSa/yyxlFWGRenA==":"engaging360-logo-padding-2-1068x1068.png","TpwBYy5bYyIvdymAPkDhrQ==":"engaging360-logo-padding-1532x1532.png","cUSrJanxuLK3LBoHxwS0Kw==":"mbr-1-1920x1468.jpg","1wkKTvcorNDsJRWSUA13+w==":"engaging360-header-image-3-1960x1468.png","ETp9B7/5Zq1wcI2IEWEjjw==":"engaging360-header-image-4-1960x1468.png","/9QS4SZnrBjYhCDSS90OUg==":"engaging360-header-image-5-1960x1468.png","308U/zcSn7pQqn13SnCK2Q==":"engaging360-logo-padding-1-1532x1532.png","2I1Z+pWMaEmodlme1A/mtQ==":"engaging360-logo-padding-2-1532x1532.png","rWqNhHKKNrklr3mfg8Ejwg==":"engaging360-logo-padding-3-1532x1532.png","htnRmjQDlm9XMkeBhXMFDg==":"engaging360-logo-padding-4-1532x1532.png","BXMe3UpPi1aMAtmOXTIKog==":"engaging360-logo-padding-912x912.png","XKWow/IePcy+v9lfGTMbng==":"engaging360-logo-padding-1-912x912.png","YJfkYxmxjXPGMbKBowtjCw==":"engaging360-logo-padding-2-1368x1368.png","GaZaJ2hJWniRGDd6peCMxQ==":"engaging360-header-image-6-1960x1468.png","RVNZLyTOZiD8y4taALdIZw==":"mbr-848x477.jpg","snZlVmJ1b4fLVBOCl6JvBw==":"mbr-848x599.jpg","pryxGiKqubPaY6e7LqNKkg==":"19.jpg"}